,skew,mean,std
A,0.18427778571815526,-0.0011845500000494601,0.03452304261716545
AAL,0.8969789565670131,-0.008985667522219506,0.07936519915147874
AAP,-0.5265771305357161,-0.002731903700537559,0.04509924696508367
AAPL,0.0512754169710808,0.00030730334335289807,0.03963710117926874
ABBV,-0.5366488432037599,-0.0004518307099007718,0.03062792662705288
ABC,0.5547298964039138,0.0009161624050866679,0.03879915913332959
ABMD,-0.1155109302579274,0.0016803876067273584,0.03687828929546888
ABT,0.24961562211231558,0.0010310228715520193,0.035911859483779625
ACN,0.626582653193728,-0.0011317657805377565,0.03857907475811035
ADBE,0.32343527768233243,0.0012399499813534997,0.042656037859431936
ADI,-0.045758140294478444,-0.0007161450628705743,0.04691229326133115
ADM,0.24035019049927164,-0.002635699977778827,0.035983659143179206
ADP,-0.12873146491833767,-0.0014588110717517748,0.04162302621361346
ADSK,0.1450019357090481,0.00020138814298333114,0.04633564640918773
AEE,0.1749492737704393,0.00015387573141288017,0.04279308098682452
AEP,0.23354489967218856,-0.000996701517290802,0.036671175729833354
AES,-0.5856669574325809,-0.0038702435759466317,0.05207019485887993
AFL,0.8348576223922578,-0.0030583523944914346,0.05491966982579257
AIG,-0.30871293415917167,-0.007337068753426602,0.0615245810682514
AIZ,-1.2409986877477337,-0.002132170767647205,0.043263524756495315
AJG,-0.44360115387720467,-0.0017449968182660011,0.03916520963506936
AKAM,-0.10370049700513637,0.0016096140597383261,0.03264054525354353
ALB,-0.15582466871261968,-0.0015641020217998546,0.05013681935131587
ALGN,0.27015924404827873,-0.0024912976824745616,0.05540084641807405
ALK,-0.48923636434924744,-0.007765991638355826,0.0627928035484102
ALL,-0.3928700727149689,-0.0006517852776438842,0.040708473950869274
ALLE,-0.18839521805067314,-0.0022386423273455854,0.03972488829913258
ALXN,0.015032277798449366,1.625504374638987e-05,0.030420852010507406
AMAT,-0.39165295853124327,-0.0018464535514072715,0.055452845974515066
AMCR,-0.04321110850529694,-0.0014274920322429896,0.045036590572375516
AMD,-0.2172951330454022,0.0013266420552074942,0.04774280454936749
AME,-0.34163700684536513,-0.0016793927407948543,0.04496560090291147
AMGN,0.7589283107020384,0.00011011352403072983,0.034510857707365686
AMP,0.26324866180028517,-0.0028443448476488803,0.06644937552478954
AMT,0.0928115344313595,0.0011552207868788114,0.04167384520735462
AMZN,-0.05422291815881828,0.002677913684476136,0.029606681768337768
ANET,0.20425802499811663,0.0010187891465085234,0.041495083735987724
ANSS,0.6131271562728373,0.0007044570022436361,0.04278683776386861
ANTM,0.15241136003185776,1.9796084239785464e-05,0.05164865706988937
AON,-0.032336999880498325,-0.0011986412567147435,0.03756003895172025
AOS,-0.09186802667302017,-0.0012161903446385465,0.029574611033983036
APA,-1.3008391022034673,-0.0024162889021238187,0.11139334519547041
APD,0.09535023343859814,0.0003611889663676655,0.04048684540319622
APH,-0.5178014725928873,-0.0022370933818059266,0.03755819849949826
APTV,-0.8816699252314922,-0.0020998817882704316,0.06879297617456302
ARE,-0.31562614457004934,0.00020585661002500398,0.041837530343085134
ATO,0.5191158092956878,-0.0003590798249343689,0.04025359761211733
ATVI,0.1354766545610498,0.001731410541320629,0.03293972659039591
AVB,-0.46184147877189824,-0.002157149979167704,0.04579215641086896
AVGO,-0.6180194844534185,-0.0013552452044050755,0.04918891225307096
AVY,1.1514402613748274,-0.0011534628933749503,0.045635378284401555
AWK,0.264949922455695,0.0007950614011802174,0.04258479498959028
AXP,0.8833128485679109,-0.0026847436203359634,0.05705395220062661
AZO,-0.7351433172842771,-0.0013181803754426223,0.04118073712307809
BA,0.3222329963784995,-0.008139963759471526,0.07553886961870952
BAC,0.41371576958953826,-0.0038991176044929758,0.051680599963609866
BAX,0.15213138998969747,0.000878766248888028,0.03491126069271387
BBY,0.2644892865782824,-0.0012010818569957048,0.046511961613339606
BDX,-0.13678771526225086,-0.0004351244858164215,0.032175026908419994
BEN,0.12918081821782354,-0.0032536399447313014,0.0441454867770601
BF.B,0.057256154324571984,-0.00043455110282508567,0.03767761206190349
BIIB,1.1204714372505187,0.000781275810332119,0.04135693295106273
BIO,0.4990657010342624,0.0023201984296773153,0.03256542763926537
BK,0.05699195474689019,-0.0032962121709641957,0.041872180577416054
BKNG,-0.0073524797314941355,-0.0034777385266778972,0.04077889066372645
BKR,0.23738084909027618,-0.005729383873150658,0.05991671211754016
BLK,0.05396363219995309,0.00047384646834756954,0.04605915766727678
BLL,0.4632994150798582,0.0009783699180501736,0.03666696433366644
BMY,-0.3212615834061401,-0.00029280320490907377,0.024705377032786555
BR,0.44836088916005257,-0.0004960061756058324,0.03463076469208097
BRK.B,0.28876668761436836,-0.0021458097906781833,0.03280521880371053
BSX,-0.6909386418423236,-0.0020392501978998986,0.038188005962676824
BWA,0.3243035105163811,-0.004924108166889685,0.04199782528376375
BXP,-0.7828047378707108,-0.0034656749112483135,0.04548555954353168
C,0.08764495467144667,-0.00519522063595974,0.059435737677015404
CAG,0.10818984392001049,0.00034673790889251335,0.030937739065745574
CAH,0.381891284641945,5.60076680410908e-05,0.038319438556404906
CARR,-0.3010428579177319,0.0010992003783215339,0.04441349977996951
CAT,-0.40827995319554267,-0.0029519971708321575,0.03783914256494934
CB,-0.6405507198261355,-0.004264363390548759,0.0419218202091322
CBOE,-0.5095501584377488,-0.002205715463016649,0.036205410426198334
CBRE,-0.09205763295710576,-0.0038879277435801686,0.05229099606965827
CCI,0.006971310873261815,0.0019917849387309757,0.04025413187624192
CCL,-0.7312838737450871,-0.010528939374689359,0.09720018456466892
CDNS,0.24097811967108934,0.0015956172369208353,0.041844574287722335
CDW,-0.26981989526880845,-0.0025956664812775984,0.04430108656986237
CE,-0.6622454260117201,-0.003892128301829165,0.04909930402955526
CERN,0.3696511187441461,-0.0008464578685263023,0.0262435489693254
CF,-0.15720326318574412,-0.005472047255148721,0.04891467811770123
CFG,-0.24084742778731258,-0.0055400690794021505,0.06542999893724742
CHD,0.976086672728259,0.0006321309322414003,0.029836425317170578
CHRW,0.006324290524515512,-0.000819983311273931,0.02516238463511985
CHTR,-0.6575410830647817,0.0009700054414538173,0.031779212430907554
CI,-0.05691648932073593,7.601081241406426e-05,0.04822218405240224
CINF,0.3645120657733314,-0.0054632611082077445,0.048985170322502956
CL,0.632568164844882,0.000567723649197339,0.031726881052900564
CLX,1.149551561192451,0.003153617183463727,0.027040305477195895
CMA,-0.5101041232933372,-0.007485639584720853,0.06087162844737823
CMCSA,0.5276302654013506,-0.001844974667069053,0.03536005619205411
CME,-0.8975665382998032,-0.0007214179208025212,0.04587230017076946
CMG,0.5703133160127158,0.0013327123671608918,0.04777057325791877
CMI,1.4401377052225366,-0.000816280189057978,0.03977751566361602
CMS,0.14027100015546384,-0.0004652037389377815,0.0380169924217539
CNC,0.2886185545735293,0.0017944550702830894,0.04951744776467701
CNP,-0.3820848778610854,-0.004314086418403253,0.056022395765244135
COF,-0.10647749949975897,-0.004190763495972856,0.06383794264422764
COG,0.6557660753634361,0.002871361319207298,0.04404201795545163
COO,-0.9210072206986104,-0.0011209855484486373,0.034077834166252284
COP,0.13772625722710435,-0.004074136055358342,0.06478855362531427
COST,0.9743216925933466,0.0008070008499055898,0.02804787261206018
CPB,0.8131131410397353,0.00083954304800298,0.02752382573213717
CPRT,0.2864709786171056,-0.0012075600494013885,0.04240230501853895
CRL,-0.45992563433205225,-0.00020709291408122678,0.04566958144739195
CRM,-0.6560860962875633,-2.7563579379959865e-05,0.03882883823071441
CSCO,0.4551979660257939,-0.0013028125850510577,0.038065511794638816
CSX,0.0495339721697192,-0.0004807525381621132,0.0437429725920196
CTAS,-0.7157877469741103,-0.0018183953590845173,0.047252487124878194
CTLT,-0.6854316318755284,0.0030936216257649984,0.04750793931815221
CTSH,0.17149262715191305,-5.805622543626113e-05,0.04555459418005404
CTVA,-0.24731210211783852,-0.0004697922427075325,0.04413942486481359
CTXS,1.133670970911224,0.003503041188318023,0.03372489235936295
CVS,0.08901411020972846,-0.0020003420042030186,0.03500629559997135
CVX,-0.2104277993185731,-0.0020662799432690053,0.056481483310709575
CZR,0.5102545145834069,-0.0011145121803473688,0.08256439062124063
D,0.3498935028600001,1.3832813246781932e-05,0.04472581386692943
DAL,-0.36525954906713254,-0.008564900597688501,0.0647946459105621
DD,0.18000060683187047,-0.0029996445702766775,0.04757612802253547
DE,-0.12236413172095824,-0.002132252451231506,0.04096104476041662
DFS,-0.19601983693464092,-0.005650821961368297,0.07695638942088175
DG,0.6079505089046353,0.0016091703371240414,0.028558591375258298
DGX,0.06426424461203621,0.0010736520424261381,0.038283217649522826
DHI,-0.5234640230681282,-0.0001140433157255696,0.051520052007142464
DHR,0.017330406266784,0.0008922289278850569,0.030695647158898463
DIS,0.2742865453189175,-0.0032647528027794177,0.04073647851216323
DISCA,-0.3315563257890022,-0.003952882720982316,0.0402158566284751
DISCK,-0.3260085803537115,-0.004408739833585357,0.04032645000400275
DISH,0.012397456226072598,-0.0031999787488492097,0.05603078021799587
DLR,0.1830554288194528,0.003339455989086192,0.03976542427686764
DLTR,-0.46661552947820595,-0.0014055435684279262,0.04225625563628647
DOV,-0.39956620193802556,-0.0019731075481641746,0.04421745416985944
DOW,-0.3406348929994472,-0.00394470120733715,0.05578518812712122
DPZ,2.9019806384009,0.0031244109494923426,0.04064678487518023
DRE,-0.015740187305395607,0.0006632867086165308,0.04575007862960719
DRI,0.47944199341545624,-0.00264317452465975,0.07887684631392172
DTE,-0.29855999736781413,-0.001879188347974724,0.046154418186077996
DUK,0.1869902578956226,-0.0002760184211704958,0.04014800856321648
DVA,0.22635654293720167,0.0008495083712198388,0.03633103353008025
DVN,-0.5631458356454214,-0.006316377779292314,0.08418135130118697
DXC,1.4676387516425382,-0.0058806966149282025,0.08636335164927793
DXCM,-0.5086854027472174,0.006294347309508824,0.04344704043382647
EA,0.3992886995991996,0.0011382963592066,0.0313183224725401
EBAY,-0.06431698408740866,0.001390239653350523,0.029690515603373435
ECL,0.9446297496625855,0.0009906764893692676,0.045572001718346494
ED,0.4590177464536502,-0.0009049801769890074,0.04024108254133655
EFX,-0.027060117219758272,0.0002755768912856921,0.03674650023324363
EIX,0.07368150102943612,-0.0026211518690146124,0.041110145081597986
EL,-0.35844970772114276,-0.0014023757422203039,0.03766275649582231
EMN,-0.16451360426281053,-0.002230671876016834,0.045301800273204934
EMR,-0.3883633786307324,-0.003132516006649239,0.050078638195545484
ENPH,1.2560441833052667,0.008199121910304589,0.08670328788543653
EOG,-1.2160324698209233,-0.005517921249813022,0.06285551304162387
EQIX,0.1291250275236479,0.0024714191142663896,0.037763368430213114
EQR,-0.4462826271798536,-0.002055242398529901,0.04238868515212018
ES,0.323603540142669,0.0004888727957113746,0.04467417372697902
ESS,-0.9278708956411571,-0.0017718382937099535,0.04417415001441624
ETN,1.0169429967072674,-0.0006885359566399462,0.04953354809063697
ETR,-0.07983744332140369,-0.0017511422326209614,0.04545730857711478
ETSY,0.3606656067551071,0.005888943000231967,0.05728212292630276
EVRG,0.12284634400622359,-0.0003611129879062556,0.0482031553433497
EW,0.717718921645741,-0.000493746494151027,0.039441076749244644
EXC,0.5037374628228327,-0.0017652255477940365,0.04716376988145739
EXPD,0.32279211914431977,-0.0006928802311600831,0.02933090752456969
EXPE,-0.4852120346951644,-0.0043404980905340776,0.05716820508361681
EXR,-1.1005323181944364,-0.001585120380841513,0.035056747226279106
F,1.3560662006956596,-0.006713908000057937,0.04707103409071918
FANG,-1.3310852470692074,-0.005678175007631833,0.0876044616629188
FAST,0.4406962944545853,0.0001512974160500171,0.036274046334058306
FB,-0.36745760003525557,0.00026931230149108526,0.03762273733473682
FBHS,-0.0027905022928385015,-0.0015505859388398539,0.05262854881973838
FCX,0.725649364361287,-0.003270860946990146,0.0653431346741288
FDX,-0.32277722332367625,-0.0023091518365026,0.04376895458552188
FE,0.14369787326776046,-0.0009041918284561183,0.0429881411572377
FFIV,-0.002936852546395481,8.650320284952248e-05,0.03395504072724041
FIS,-0.1568847800481135,-3.622397088907184e-05,0.04282560641394903
FISV,-0.2605692621485731,-0.0007725921722239878,0.04293134301651778
FITB,0.22495978521293708,-0.004852255142558804,0.060594813685655
FLT,0.13887337296162883,-0.0015040157767102682,0.045754617303525306
FMC,-0.27022773237306147,3.6317484026740277e-05,0.050760320243267196
FOX,0.2086933832558869,-0.0036886517796730247,0.04107435011889567
FOXA,0.30073125827642444,-0.0037104733441189323,0.040928485946888846
FRC,0.004242182040457341,-0.0009349293255580658,0.04422227730148859
FRT,-1.0281775827695745,-0.004287427214536906,0.05081134766411197
FTNT,0.1289199502561688,0.00032700393355339564,0.043286396905458505
FTV,0.3223628634950795,-0.002062999704306166,0.04208165054895423
GD,-0.2559682543197023,-0.0034249814453680277,0.03439197153037828
GE,0.07646000969887277,-0.006000465617907337,0.05071348469396707
GILD,0.2786333852956211,0.003062238316354403,0.035262263250285086
GIS,0.18907829823557357,0.001985247780455817,0.027666588610829365
GL,0.002713780014571432,-0.0022180863686852475,0.04729412082744199
GLW,0.02205940399623101,-0.0033806891057350822,0.046941230643815134
GM,0.22083046928910235,-0.0056178367518990215,0.052370418945575294
GNRC,-0.2039259874628094,-0.00010308054303086094,0.044769590081415754
GOOG,-0.019974028303617712,0.00016452557609663662,0.03435487284351613
GOOGL,-0.07361518217605081,0.00013725980444369775,0.03472817810682276
GPC,0.7892668310053281,-0.002930371339488179,0.048900656119445524
GPN,0.5208883613665497,-0.0003178496396055679,0.05234350488013967
GPS,0.7708743845043172,-0.00681347193981823,0.07391870973907685
GRMN,0.19274614503074952,-0.0019571701970658916,0.033892928837443125
GS,0.39235490250346494,-0.0022956444796972146,0.046579249176540265
GWW,-0.026276093771264497,-0.002247742534801083,0.03997885379295262
HAL,-0.876700097802821,-0.00758449620149984,0.08100608271462925
HAS,0.3620001775686264,-0.003939119847810585,0.049035447831563765
HBAN,0.2441711671368316,-0.0054362835382542095,0.05052917265827879
HBI,0.5589594970066413,-0.003973868697044199,0.046806262828530835
HCA,0.5691341994664278,-0.002623991729483012,0.05475417979293075
HD,-0.9578261925191258,0.0009215476875913919,0.04357065465994464
HES,-0.7092079500232781,-0.0026516049192868334,0.0683745609162076
HIG,0.4216403336318415,-0.004642388075244229,0.05991648550888643
HII,-0.12044953415323557,-0.0031625383691264515,0.036903658575294596
HLT,0.05321600800101424,-0.004324118814413292,0.04304015936310787
HOLX,-1.499920282071071,0.00020531980622757765,0.040264606778488275
HON,0.4057211732789924,-0.002509682698333969,0.04016461176190545
HPE,-0.09109870056616391,-0.00542400327746422,0.04461020077976737
HPQ,-0.07646333944945734,-0.003010795421389016,0.04804804718563573
HRL,1.3530067981336968,0.0009964231622805397,0.028295999449096425
HSIC,-0.1145834663121668,-0.002434975776186813,0.034727922422803106
HST,0.0344799827663935,-0.004465774738285338,0.047690506236588125
HSY,-1.111598470673221,-0.00030097520401525097,0.03669601608335573
HUM,0.46704150194302535,0.00153808836529578,0.05046371496165547
HWM,0.855089952432536,-0.0005410033358144902,0.0608149080592079
IBM,-0.06270181452006049,-0.0005896381505838728,0.03720723645189328
ICE,-0.5562399039959645,0.00016084118489705074,0.036803778286337956
IDXX,0.13568677474701232,0.0008507373280271935,0.034219894485697726
IEX,-0.47768284770641495,-0.0010186752220932899,0.035032142162879684
IFF,0.16148702585104668,0.0006034902402282694,0.03746029079368493
ILMN,-0.03263146934179742,-9.40482447713998e-05,0.037276505980068424
INCY,0.04454658540814844,0.002010411317179485,0.03223980972775891
INFO,2.5164444431711774,-0.0008544709472824005,0.04481857791402489
INTC,0.31279010237648264,0.0005370934242137336,0.0496682304742309
INTU,0.7801292534157933,0.0007574845601179403,0.044966929247357734
IP,0.5686869372061455,-0.0025002003961400463,0.0460357111163732
IPG,0.04928833040314292,-0.0026618134568706384,0.049610954380579976
IPGP,0.808005589236381,-0.0015005057320438178,0.044532835091900674
IQV,-0.1566221554845844,-0.00046465521160696076,0.04846002888915527
IR,-6.2479935633055135,-0.010409294266421384,0.09244552486103792
IRM,-0.7518043752227215,-0.0022680597838075187,0.039252758674969114
ISRG,0.3406510308201931,-0.0013436385945325782,0.04080092549941414
IT,0.4459142398359732,-0.0027862047557936196,0.04260647504903129
ITW,0.6487566708364472,-0.0007583325557199086,0.04051801517585965
IVZ,-0.38810338561695074,-0.00763928594425589,0.06400498493381716
J,-0.21919964267868494,-0.0006365575236543255,0.03749530558659123
JBHT,0.07459819032007294,-0.001156921242684265,0.03700972735930735
JCI,-0.5312252435008487,-0.004048207434063726,0.03764626282038886
JKHY,0.007289430187763351,0.0015739785935663185,0.03396698991805464
JNJ,0.3340025547075219,0.0006195759567633333,0.02954400395338809
JNPR,0.4875320203410952,-0.0010024538119255853,0.03160246981391129
JPM,0.3486475483345979,-0.0038136867925291805,0.0485543102724075
K,-0.2413617521471369,-6.606799113405198e-05,0.029512108879940872
KEY,-0.18381953946948043,-0.005084684034997906,0.06549824871916843
KEYS,0.47181686236001974,-0.00047468853155845477,0.03974345975806489
KHC,0.7904534802466522,-3.783678772078879e-05,0.04150140637188878
KIM,-0.6157867362739999,-0.0057315455908009665,0.05643324998850665
KLAC,0.7298599255763852,-0.0007862003392643522,0.056629630929065394
KMB,0.31965811720185167,0.0005277032945444562,0.029952780433107663
KMI,-0.7740373921699291,-0.0029721883329096037,0.05288994075085329
KMX,0.014977497952333345,-0.0012669629623522742,0.05467309694506016
KO,-0.40314431669261774,-0.0017678379264805084,0.03108776965923276
KR,0.007796190918429889,0.0016770817240685614,0.026854112944068264
KSU,0.7119163393164083,-0.001242873327675838,0.047001392071622704
L,-0.18254394463759632,-0.004789516673904909,0.05245945647248424
LB,0.7975259947593182,-0.0012817069726162088,0.0817899308861098
LDOS,-0.19844637937808854,0.0007197696894588869,0.04061212066648948
LEG,0.05555023378013805,-0.0032607165062136876,0.05546274177652118
LEN,0.11969405153753675,0.00043666596093683285,0.06162313810870429
LH,-0.5352294551251265,0.0006878373025534411,0.05085087536624242
LHX,-0.42199015522336636,-0.00017548779804019645,0.036994505280328445
LIN,0.20697664942429655,-0.0012696081804989656,0.03513515405700173
LKQ,0.3825001310574758,-0.0025704794042448,0.06095665720553741
LLY,0.45234417588537734,0.0023619455684939393,0.03333875860762645
LMT,-0.2652947354401763,0.00028112154918779095,0.03876836601344395
LNC,0.28250038531565946,-0.003865819128449698,0.08324670683044776
LNT,0.21058491129119075,-0.0008422832896920019,0.037138292223789234
LOW,-1.3787595318070016,-0.00044158375770220193,0.049158303290926346
LRCX,0.07643306809224708,-0.001144460477618197,0.05893577684274845
LUMN,,,
LUV,-0.23976717336313852,-0.006451109365206737,0.04682554214966534
LVS,-0.4178011121013545,-0.004051572587211867,0.04925366530808918
LW,-0.7309888839748945,-0.003233500844441993,0.047368028494868424
LYB,-0.5848304162637994,-0.004449804282943668,0.06128968939120697
LYV,-0.10960914593109138,-0.004690781882690217,0.06332187522439357
MA,0.5706949574040283,-0.0005074847580319583,0.04423068156174132
MAA,-0.8278982201813082,-0.0010154724717499528,0.044017431340989406
MAR,0.5671208750685075,-0.00548233465939245,0.05510209758076348
MAS,0.4278316921204911,-0.0015077883382345967,0.03879593302768379
MCD,0.43082990570648394,-0.0003231300810290725,0.04076361188889873
MCHP,-0.06723453145339824,-0.0016976059398915578,0.05733343277138171
MCK,0.7208335377153958,0.0004778676182414045,0.04141191117437547
MCO,0.12685141764201288,0.0012223689019794795,0.04936475626458437
MDLZ,0.3588911272035962,-0.0002667983635381726,0.03342434921063692
MDT,-0.056016245352769264,-0.0015474874302024494,0.0372258719578947
MET,-0.11134562533043975,-0.0033195790193455716,0.053932048128416815
MGM,0.09568084921989979,-0.005991354729211596,0.08525112869899669
MHK,0.1417360613591175,-0.003977599801272209,0.05990035730867842
MKC,0.2600832839077893,-0.00027859474481105637,0.037277322698219574
MKTX,0.7428346707009919,0.0028580388140054865,0.04064949696049862
MLM,0.047252544578825176,-0.003588659088427065,0.04799550781763112
MMC,0.1365467819359238,-0.0010967455040008511,0.03560191504929651
MMM,0.19162727129830137,-0.00175995609083195,0.033272304859498676
MNST,0.34523642584512415,-0.0002887625885704039,0.03280370581683794
MO,-0.03621603187500283,-0.002632482480631625,0.03229367165186212
MOS,-0.2951219132909203,-0.005534460971262334,0.06721276463623478
MPC,-0.2483134545475575,-0.0061794080735387965,0.0741943269468986
MPWR,0.2897234931975696,0.002114067372136435,0.05594023442563909
MRK,0.26302754746952817,-0.0016117449876309007,0.029669477664755813
MRO,-1.9020919248099146,-0.00713706799909536,0.08011689063989888
MS,0.6882459338504102,-0.0023026441862274982,0.052688296075094086
MSCI,0.2689905293075808,0.003309694910611807,0.046686925453127144
MSFT,0.05571817393218667,0.0018179326796831832,0.040894428734071626
MSI,-0.113731379624558,-0.0010527116176652221,0.03963655663607602
MTB,0.25197783670895024,-0.004450644696483093,0.04847845320654501
MTD,0.20334676069855465,-0.0011642077298488086,0.03714079994762426
MU,-0.27221414206183364,-0.001134220943185587,0.05186796973690286
MXIM,0.09076393979139077,-0.0014080170232399498,0.03958224141990817
NCLH,0.26953288961214644,-0.011097567839782562,0.11032786446022437
NDAQ,0.30375593642600374,0.0007149986231995243,0.041556716837269234
NEE,0.11783555439976386,0.00018433365297372702,0.039743336014998326
NEM,0.5823973880610249,0.004898831923077227,0.0388834086516092
NFLX,-0.348132940318385,0.0034134720298055485,0.03570337050244604
NI,-0.1284662940203634,-0.000357079406111204,0.04261882156849162
NKE,0.4322433310562869,-0.0014652114178499364,0.03706013500760112
NLOK,-5.686311388345156,-0.0010207695724727417,0.05102989374938231
NLSN,0.11514112090894581,-0.0032260530223400734,0.048483408051091664
NOC,0.5208404823364378,-0.0003035126373253455,0.03637976409489377
NOV,-0.314920026364855,-0.00672125190736454,0.07008991428346338
NOW,0.2265915820297477,0.0027498921564664664,0.042868664812276164
NRG,0.08534945322083742,-0.0009605395944424918,0.044817446205814945
NSC,0.27072535785121055,-0.0006904097744971501,0.045208334188028255
NTAP,0.4778806569476749,-0.004025256036069611,0.0437995576090108
NTRS,0.4595256181498036,-0.0032148207932662476,0.046098212437376745
NUE,-0.07893374626716367,-0.002653542141123697,0.04256378454412077
NVDA,-0.09215402927146633,0.003320215516296975,0.051772472353462884
NVR,0.28906683230960367,-0.0009303683749889275,0.05399104899940608
NWL,0.3533425936621274,-0.004028798915424297,0.050654025714340675
NWS,-0.026347443715217196,-0.004128196913423724,0.0435550434562516
NWSA,0.38525894759916574,-0.004190681611480033,0.041964288648158724
NXPI,-0.027028263431640085,-0.002065837775231838,0.054903465393758545
O,-1.2584192791460127,-0.0023056159442757618,0.0574101326640001
ODFL,-1.9902775109298825,-0.0018477233150094542,0.04981020658296707
OGN,,,
OKE,-0.8336643863539244,-0.007902176837405692,0.08632367702890634
OMC,0.11904926903395714,-0.003528079721511717,0.039062891790151634
ORCL,1.448146430464012,0.00027657156228290755,0.04005943106247435
ORLY,-0.3845237564909367,-0.0009235348852866174,0.042211182441761204
OTIS,1.3375630563680985,0.003536195217643718,0.039176777598135745
OXY,-2.3555189953603706,-0.007556334011246029,0.08754880787697553
PAYC,0.26682104736799456,0.00031179584982734594,0.059313790065188804
PAYX,-0.15492561396939913,-0.0018446965469261067,0.04672749499532966
PBCT,0.8834285410757378,-0.0028318610267618087,0.050335181464693624
PCAR,1.112333805347941,-0.0013206547863124302,0.032460232038476665
PEAK,-0.5995787669054197,-0.0020584555397152775,0.05329433716204191
PEG,-0.14484000638539274,-0.001431192864835786,0.035860958617266216
PENN,-0.3222199846387846,0.0013481045909590045,0.11939267966798144
PEP,-0.03404041300093756,0.00020248175959417805,0.03761509468633031
PFE,0.1749764040809754,-3.011935892350919e-05,0.029673531343898094
PFG,0.3887365143421202,-0.003925148522047449,0.057289991191699134
PG,0.44572792977125797,-0.00013803295449285835,0.0326470406992946
PGR,0.5600860013011223,0.0008353883965273971,0.033411383313774495
PH,-0.07888116124371683,-0.002211239898401427,0.05616959142536621
PHM,0.20266820086512663,-0.002405559244876215,0.060340759903960185
PKG,0.8005972190914246,-0.00105787331547068,0.04100414223631137
PKI,-0.24441336372989453,-0.0007993958006792899,0.030140849982666508
PLD,-0.45313733653885474,0.0007569347143152993,0.04364873686489739
PM,-0.7310138318240977,-0.0011145501869292466,0.037366802333861124
PNC,0.19561205515187174,-0.0039582819292177445,0.05241995131274814
PNR,0.010960241311220652,-0.002941536005119495,0.04489939385515453
PNW,-0.45108854237022694,-0.0012625493380904462,0.04212975360202958
POOL,-0.9621492089713847,0.000991014974289137,0.04126430398699655
PPG,-0.14600059969727572,-0.0040793425321550844,0.03893819915869683
PPL,0.10874917064245394,-0.0033218881623849478,0.043086078123430634
PRGO,-0.10112175995310005,0.0011967884484331663,0.04194151217066018
PRU,-0.1479185621897327,-0.003819326887129874,0.05934576460040849
PSA,-0.8449867089644509,-0.0011252178337369198,0.03231699793944551
PSX,0.14634385143272352,-0.004774087982209127,0.05557157723598799
PTC,0.027397954737584294,-0.0010387946019807218,0.03614209174796362
PVH,0.8147259860106661,-0.007570826713074746,0.07514879713199232
PWR,0.3539799120050339,-0.0010426614204029504,0.04290456197061953
PXD,-1.1126190805442824,-0.004565949077418699,0.0712073034001112
PYPL,0.08675940883849738,0.0020079671511706743,0.044287126100951535
QCOM,-0.04831465318990048,-0.000990988052067916,0.04293955368985366
QRVO,0.1492788755027734,-0.0014360336688376651,0.04934153232741469
RCL,-0.1625738366340441,-0.009591908967072653,0.09565735050275756
RE,-0.36445917382750753,-0.005358633887299611,0.04263439459253581
REG,-0.8505230236337984,-0.003528436524048802,0.052150881517253216
REGN,0.06762040921031984,0.004725901316635857,0.034898335297283645
RF,-0.33516075786865446,-0.004441273377823032,0.059413642961570874
RHI,0.4504255879891197,-0.003534778996909899,0.04071233832817818
RJF,0.7899989248786418,-0.0030509985042891214,0.051894477713754945
RL,-0.2853434592302757,-0.004726083836739522,0.046923979168248725
RMD,0.06805055907727911,0.0012542556331457172,0.04549975109434697
ROK,0.019866690904503968,-0.0002511346266870847,0.04782677385966669
ROL,-0.3587532213326536,0.0026919605287874697,0.031552858254714544
ROP,-0.133426391871823,-0.00012991923517346345,0.03870912791232666
ROST,-0.03541215628944689,-0.0019719281222118426,0.05113777062634533
RSG,-0.652216288059015,-0.0012650467834316676,0.03333757606725606
RTX,0.985201861034744,0.011558630337752548,0.0504508047401772
SBAC,0.4186196440492884,0.002952468737729175,0.03906872001039273
SBUX,0.16093299289811458,-0.0013673040118295891,0.043444792505186264
SCHW,0.7996082992277038,-0.0023176826522850937,0.046547603634013335
SEE,1.0508862938548988,-0.0025874769606870226,0.05090684902997313
SHW,-0.4855605113219174,-0.00010252441436156322,0.04100372850388706
SIVB,0.1561593874478746,-0.0021767671456059674,0.05785741421002543
SJM,0.31562881373761775,0.001879020634072142,0.029174970924849608
SLB,-0.5710029742240449,-0.009089201074359753,0.06406120868322206
SNA,0.26702607589692945,-0.0028431429623045914,0.04229943620684735
SNPS,-0.15528022736338826,0.0012528873282570958,0.03737477442489953
SO,0.7700468065997993,-0.0006596532154381242,0.04613647373774656
SPG,-0.3647966042902235,-0.006935242250767175,0.07670512820610662
SPGI,-0.1642135944148064,0.0013879982637859422,0.04536425730603802
SRE,-0.6374894835295313,-0.001597845530401524,0.04489268773852054
STE,-0.01884108250666952,-0.00023105567871122118,0.03567426646281823
STT,0.33363239708644776,-0.0024836904591551846,0.05079842267073433
STX,-0.3854516429490602,-0.002158585693922062,0.03732354330275934
STZ,0.15499739806892313,-0.0009349995785215445,0.04281214315334354
SWK,0.3255920303282309,-0.0037181068389208565,0.059654561593512304
SWKS,0.2099990930331181,-0.001207515780618274,0.051026241649348214
SYF,-0.391399629616972,-0.0057374272916124545,0.06724134461633081
SYK,-0.14834687757224455,-0.0007965602659073387,0.04529465484420526
SYY,0.09541868650250568,-0.0037175197349918403,0.06252973686558501
T,0.11077524907344218,-0.002613405506362841,0.03319937274831602
TAP,-0.2273136540156493,-0.0031393130975025806,0.03743901973939573
TDG,0.1316660415156451,-0.00364354985443252,0.06605730766725898
TDY,-1.276211267562771,-0.00015920290722482022,0.047638617060509016
TEL,-0.3664433592452582,-0.002838555316871066,0.042815629813908594
TER,0.34695095046239693,-0.0011878179619289307,0.04626487147347737
TFC,-0.07099467367657113,-0.0040128998737276,0.05695520473431157
TFX,0.05626059178533658,-0.0008614267193482482,0.04055808913680335
TGT,-0.15168532832477066,-0.001267268485280647,0.03376315834442541
TJX,-0.7708096146150039,-0.0019010882258649459,0.045457651938949864
TMO,0.16718877712933763,0.0006884840878693142,0.033101037746267346
TMUS,-0.03821206181797741,0.001748730137491079,0.03562373082783446
TPR,0.08675643806953637,-0.004127418668175878,0.07424905527827967
TRMB,-0.4206279722728263,-0.0018197134600840645,0.04694908072362542
TROW,0.28652872520356787,-0.0004643754114396589,0.04582608154616735
TRV,-1.2510813367466014,-0.003288131075507446,0.044504904541554265
TSCO,-0.4270504256996532,0.0017053372297995584,0.034600142959608726
TSLA,-0.13681960203836796,0.008506787870948546,0.07234372865060432
TSN,1.3236616129146337,-0.003937125153080295,0.043396561391190906
TT,0.0540041951936284,-0.002668029633322709,0.0529115977976754
TTWO,-0.293867511830884,0.0006608839561127415,0.034694371715528305
TWTR,-0.2602413854767915,-0.0005370706724742346,0.04986653788176979
TXN,0.3838911865467812,-0.0011493294468898955,0.04180807807471175
TXT,0.09606116269562817,-0.004934160649141798,0.05804080031224358
TYL,0.47632008249428176,0.0007625205904092791,0.029914386768695837
UA,-0.5890296424216107,-0.008009102859937268,0.05319128130072893
UAA,-0.5735306374851505,-0.008032036720706737,0.05524051841299437
UAL,-0.27326022785708365,-0.011011848834842656,0.08253438030596698
UDR,-0.527987345642879,-0.002007827542492862,0.04314126629011586
UHS,0.33377122353049743,-0.0024610801181861345,0.06173823687427782
ULTA,0.5046126684064063,-0.0003321573456228686,0.059146921407626084
UNH,-0.2430255521981492,0.000746378254027855,0.04647262075701559
UNM,0.0018657158192917096,-0.004746805963809259,0.06767646923139792
UNP,-0.3438252198981805,-0.001077290386679048,0.03853151268546203
UPS,0.6469919244434922,-0.002353778822475978,0.033007451276571245
URI,0.3044686148532667,-0.0023521597924430464,0.06094160291753885
USB,0.3600863591622182,-0.005122896844821274,0.04963274720272343
V,0.23281903165089127,-0.00017660631948999354,0.04115994490896475
VFC,0.13351085113355649,-0.005959837744596012,0.048183987330770554
VIAC,1.0156961194090355,-0.00924414276765861,0.06423013486372721
VLO,0.08459649569597989,-0.0037495826495819013,0.06381885788358728
VMC,-0.05651290844170761,-0.001973861688715222,0.046640126256859676
VNO,-1.164071857266378,-0.003880178473745809,0.05270705590488482
VRSK,0.24342586149792472,0.0008691802912940126,0.03688275203263914
VRSN,0.3825583884729823,0.001230730718169471,0.038329003114376176
VRTX,0.2634123571945666,0.002451516487485116,0.035912983749586985
VTR,-0.7322502434138267,-0.004258873235857268,0.07775019016400017
VTRS,,,
VZ,0.5836940890465144,-0.0006013170081969098,0.02298051655004733
WAB,-0.5529481833900083,-0.003722798633697096,0.04565633980907023
WAT,0.5757544048323444,-0.002769700639161474,0.03398291165958172
WBA,0.38228852304079464,-0.0034362048852873985,0.03931835795358137
WDC,-0.33625754723016,-0.0040429271824073566,0.058762938612299295
WEC,-0.6302139704568938,0.000655280483435868,0.0428989541101575
WELL,-0.1777613496749938,-0.004114630992128859,0.06609141641648646
WFC,0.26154483164314896,-0.006739332900658317,0.05056075581900417
WHR,1.0952758967206755,-0.001690474683823243,0.05899903066167987
WLTW,0.5863285575403004,-0.000605992494336039,0.037404122804416205
WM,-0.23425269677769586,-0.0012825069183067497,0.032445474619505525
WMB,-0.25036006058423105,-0.0008568387706608026,0.06253922420197387
WMT,0.8784466680673731,0.0008151028391352245,0.029185007329154838
WRB,-0.22300674634896386,-0.0025635551339612396,0.04381791547736235
WRK,0.3289275001288461,-0.002633223986488566,0.054950118374320685
WST,0.39307566086559065,0.0033528275053801883,0.033368862080192546
WU,0.11190570214769327,-0.0035077920240507263,0.036279774402873374
WY,0.13268180234015628,-0.003707141101508485,0.06636972739682608
WYNN,-0.3610160411174678,-0.004295645902045885,0.07144170648582339
XEL,-0.39994224095937714,0.0006904369987168038,0.038121449760131106
XLNX,0.4101031482299631,-0.0016534016768403738,0.040058613287559434
XOM,0.08562624505118413,-0.005073916130992568,0.042210344218704454
XRAY,0.15111776962027956,-0.003492063829524037,0.03676461048964719
XYL,0.06743077547901603,-0.0008568517667872573,0.04140446227437265
YUM,1.679307542038231,-0.001454546449650772,0.044205475434255764
ZBH,0.4925494857516648,-0.002082287636564247,0.042933876357563884
ZBRA,-0.1424677011258395,-0.0007089231841610504,0.043937748989813785
ZION,-0.1515942092212706,-0.005660245526988541,0.037000206763248125
ZTS,-0.21758093913422094,5.5513920303882304e-05,0.036519512851289584
